GCN Name,Fermi Name,Enclosed Probability,TESS Sector,Trigger,Details
GRB 180703A,GRB180703876,0.00,N/A,2018-07-03 21:02:49.679,
,GRB180723133,0.00,N/A,2018-07-23 03:11:58.521,
GRB 180723A,GRB180723757,0.00,N/A,2018-07-23 18:10:57.345,
,GRB180801492,0.82,1,2018-08-01 11:49:51.354,<a href=GRB180801492.html>details</a>
,GRB180804765,0.08,1,2018-08-04 18:23:28.830,<a href=GRB180804765.html>details</a>
,GRB180804931,0.79,1,2018-08-04 22:21:47.468,<a href=GRB180804931.html>details</a>
,GRB180807097,0.52,1,2018-08-07 02:21:03.904,<a href=GRB180807097.html>details</a>
,GRB180906597,0.00,N/A,2018-09-06 14:21:00.963,
,GRB180906759,0.00,N/A,2018-09-06 18:13:35.121,
,GRB181007737,0.00,3,2018-10-07 17:42:37.556,
,GRB181022846,0.00,4,2018-10-22 20:19:39.689,
,GRB181103046,0.01,4,2018-11-03 01:07:54.792,
,GRB181128129,0.00,N/A,2018-11-28 03:06:35.032,
,GRB181128751,0.00,N/A,2018-11-28 18:03:03.374,
,GRB181208188,0.82,5,2018-12-08 04:31:53.197,<a href=GRB181208188.html>details</a>
,GRB190304818,0.00,9,2019-03-04 19:38:32.526,
,GRB190327111,0.63,10,2019-03-27 02:40:20.157,<a href=GRB190327111.html>details</a>
,GRB190420981,0.03,10,2019-04-20 23:33:34.150,<a href=GRB190420981.html>details</a>
,GRB190422284,0.00,N/A,2019-04-22 06:49:26.679,
GRB 190628A,GRB190628521,0.24,13,2019-06-28 12:32:04.504,<a href=GRB190628521.html>details</a>
GRB 190731A,GRB190731943,0.00,N/A,2019-07-31 22:39:29.553,
GRB 190804A,GRB190804058,0.00,N/A,2019-08-04 01:24:36.539,
GRB 190806A,GRB190806675,0.00,N/A,2019-08-06 16:13:42.508,
GRB 190825A,GRB190825171,0.00,15,2019-08-25 04:08:05.324,
GRB 190903A,GRB190903722,0.00,15,2019-09-03 17:20:45.439,
GRB 190906B,GRB190906767,0.00,N/A,2019-09-06 18:26:18.472,
GRB 191111B,GRB191111547,0.00,N/A,2019-11-11 13:08:19.976,
GRB 191112A,GRB191112369,0.00,N/A,2019-11-12 08:52:27.376,
,GRB191220589,0.00,N/A,2019-12-20 14:09:38.448,
GRB 200107B,GRB200107810,0.00,N/A,2020-01-07 19:27:31.990,
,GRB200119692,0.00,N/A,2020-01-19 16:38:16.715,
GRB 200120A,GRB200120962,0.00,N/A,2020-01-20 23:06:04.522,
GRB 200130A,GRB200130248,0.00,N/A,2020-01-30 05:58:25.263,
GRB 200607B,GRB200607921,0.00,N/A,2020-06-07 22:07:40.609,
GRB 200616A,GRB200616048,0.00,N/A,2020-06-16 01:10:24.815,
GRB 200629A,GRB200629535,0.00,N/A,2020-06-29 12:50:58.476,
GRB 200705A,GRB200705674,0.00,N/A,2020-07-05 16:11:02.435,
GRB 200809B,GRB200809654,0.68,28,2020-08-09 15:42:36.314,<a href=GRB200809654.html>details</a>
GRB 200907C,GRB200907957,0.24,29,2020-09-07 22:58:37.275,<a href=GRB200907957.html>details</a>
GRB 200908A,GRB200908886,0.00,N/A,2020-09-08 21:16:50.614,
GRB 201104A,GRB201104001,0.00,N/A,2020-11-04 00:02:05.934,
GRB 201105B,GRB201105215,0.00,N/A,2020-11-05 05:10:41.417,
GRB 201217A,GRB201217108,0.00,N/A,2020-12-17 02:36:12.695,
GRB 201227A,GRB201227635,0.01,33,2020-12-27 15:15:16.599,
GRB 210126A,GRB210126417,0.00,N/A,2021-01-26 10:01:15.074,
GRB 210317A,GRB210317381,0.61,36,2021-03-17 09:09:38.229,<a href=GRB210317381.html>details</a>
GRB 210411B,GRB210411564,0.89,37,2021-04-11 13:33:53.817,<a href=GRB210411564.html>details</a>
GRB 210501A,GRB210501205,0.03,38,2021-05-01 04:56:09.476,<a href=GRB210501205.html>details</a>
GRB 210520A,GRB210520797,0.83,38,2021-05-20 19:08:12.124,<a href=GRB210520797.html>details</a>
GRB 210826A,GRB210826293,0.00,N/A,2021-08-26 07:02:54.345,
GRB 210919B,GRB210919653,0.00,N/A,2021-09-19 15:41:01.141,
GRB 211216A,GRB211216282,0.00,N/A,2021-12-16 06:47:01.240,
,GRB220124074,0.00,N/A,2022-01-24 01:48:09.216,
GRB 220315A,GRB220315101,0.00,N/A,2022-03-15 02:27:06.059,
,GRB220413167,0.00,50,2022-04-13 04:02:13.963,
,GRB220415645,0.00,N/A,2022-04-15 15:30:08.868,
,GRB220430900,0.00,51,2022-04-30 21:37:08.983,
GRB 220518B,GRB220518717,0.00,N/A,2022-05-18 17:13:01.463,
GRB 220730A,GRB220730659,0.00,N/A,2022-07-30 15:50:04.216,
,GRB220921473,0.00,N/A,2022-09-21 11:22:33.624,
GRB 221021A,GRB221021388,0.00,N/A,2022-10-21 09:19:34.924,
GRB 221201A,GRB221201517,0.00,59,2022-12-01 12:25:54.499,
GRB 221203A,GRB221203537,0.00,59,2022-12-03 12:54:08.638,
GRB 230307A,GRB230307656,0.61,62,2023-03-07 15:45:15.855,<a href=GRB230307656.html>details</a>
GRB 230316A,GRB230316546,0.00,N/A,2023-03-16 13:07:39.500,
,GRB230415474,0.46,64,2023-04-15 11:23:08.118,<a href=GRB230415474.html>details</a>
GRB 230426A,GRB230426853,0.03,64,2023-04-26 20:30:09.150,<a href=GRB230426853.html>details</a>
GRB 230428A,GRB230428381,0.41,64,2023-04-28 09:10:07.335,<a href=GRB230428381.html>details</a>
GRB 230617A,GRB230617926,0.23,66,2023-06-17 22:14:41.181,<a href=GRB230617926.html>details</a>
GRB 230709C,GRB230709735,0.19,67,2023-07-09 17:39:36.009,<a href=GRB230709735.html>details</a>
,GRB230715190,0.25,67,2023-07-15 04:34:37.041,<a href=GRB230715190.html>details</a>
GRB 230723A,GRB230723194,0.72,67,2023-07-23 04:39:52.651,<a href=GRB230723194.html>details</a>
GRB 230803A,GRB230803061,0.00,68,2023-08-03 01:28:17.338,
,GRB231031144,0.00,N/A,2023-10-31 03:28:29.713,
GRB 231123B,GRB231123809,0.00,72,2023-11-23 19:26:30.690,
GRB 231129C,GRB231129799,0.00,N/A,2023-11-29 19:11:27.299,
GRB 231214A,GRB231214850,0.00,73,2023-12-14 20:25:33.869,
GRB 231224A,GRB231224868,0.00,73,2023-12-24 20:50:25.178,
,GRB240107803,0.00,N/A,2024-01-07 19:17:38.889,
GRB 240112B,GRB240112541,0.00,N/A,2024-01-12 13:00:34.600,
GRB 240112D,GRB240112914,0.00,74,2024-01-12 21:57:13.637,
GRB 240119A,GRB240119729,0.00,N/A,2024-01-19 17:30:16.868,
GRB 240216A,GRB240216456,0.00,N/A,2024-02-16 10:58:12.036,
GRB 240222A,GRB240222369,0.00,N/A,2024-02-22 08:52:40.651,
GRB 240421A,GRB240421224,0.00,N/A,2024-04-21 05:23:09.085,
GRB 240422A,GRB240422112,0.00,N/A,2024-04-22 02:42:08.651,
GRB 240519A,GRB240519213,0.00,N/A,2024-05-19 05:08:08.586,
GRB 240613A,GRB240613991,0.00,79,2024-06-13 23:47:43.151,
GRB 240807A,GRB240807238,0.00,81,2024-08-07 05:43:54.385,
GRB 240905D,GRB240905443,0.00,N/A,2024-09-05 10:38:39.279,
GRB 241002B,GRB241002260,0.00,N/A,2024-10-02 06:15:27.947,
GRB 241030B,GRB241030774,0.42,85,2024-10-30 18:35:29.576,<a href=GRB241030774.html>details</a>
GRB 250206A,GRB250206827,0.00,N/A,2025-02-06 19:52:41.113,
GRB 250228A,GRB250228308,0.07,89,2025-02-28 07:24:55.341,<a href=GRB250228308.html>details</a>
GRB 250302A,GRB250302574,0.00,N/A,2025-03-02 13:47:42.175,
GRB 250319B,GRB250319214,0.00,90,2025-03-19 05:08:38.095,
,GRB250412754,0.00,N/A,2025-04-12 18:07:16.201,
GRB 250505A,GRB250505339,0.00,N/A,2025-05-05 08:09:48.724,
GRB 250509A,GRB250509940,0.00,N/A,2025-05-09 22:34:38.470,
GRB 250510B,GRB250510279,0.00,N/A,2025-05-10 06:43:03.240,
GRB 250510C,GRB250510925,0.00,92,2025-05-10 22:13:49.323,
GRB 250512A,GRB250512501,0.00,N/A,2025-05-12 12:02:45.475,
