59,3,1,2013.8039618743026,1844.9019919729694,357.5,83.41768908593822,1.1123396648216044e-09
59,3,1,2003.8571877267188,1941.815267825413,352.49999999999994,83.41768908593822,1.0054167498552147e-09
59,3,1,2074.984181675576,1856.6569873201547,357.35294117647055,83.78374275324825,1.3202993143224262e-09
59,3,1,2065.514515883149,1953.61597348784,352.05882352941177,83.78374275324825,1.1705945102136184e-09
59,3,1,2030.6765989761852,1551.6291154107928,11.842105263157896,83.05156816397722,1.1029218649483141e-09
59,3,1,1970.8744967107748,1737.369127034706,2.3684210526315788,83.05156816397722,1.011381089988106e-09
59,3,1,1996.9542899799299,1643.3282574146097,7.105263157894737,83.05156816397722,1.0673636419156196e-09
59,3,1,2058.646485105167,1655.2319462216353,7.499999999999999,83.41768908593822,1.2942207305854936e-09
59,3,1,2032.1078999905442,1749.1424637637592,2.5,83.41768908593822,1.2141598837445144e-09
59,3,1,2071.836456866503,1462.8727227013069,16.57894736842105,83.05156816397722,1.1193298510292493e-09
59,3,2,1148.719398489629,816.6983824379054,87.63157894736842,83.05156816397722,1.0789115156839557e-09
59,3,2,948.2175820997446,807.2658625480761,78.15789473684211,83.05156816397722,1.0792629012712496e-09
59,3,2,1048.5945581132266,807.8658483974293,82.89473684210526,83.05156816397722,1.0788737681011185e-09
59,3,2,1135.8933454961327,880.4767073172467,87.5,83.41768908593822,1.2632259682732183e-09
59,3,2,1035.8715012289763,872.0084123106179,82.50000000000001,83.41768908593822,1.2640030133681535e-09
59,3,2,1123.132498294336,944.0397772962242,87.3529411764706,83.78374275324825,1.4842832518624505e-09
59,3,2,378.30515883946873,970.8713145529565,49.73684210526316,83.05156816397722,1.0877316825030903e-09
59,3,2,215.68461885892498,1083.5844868992258,40.26315789473685,83.05156816397722,1.095294077657627e-09
59,3,2,294.61394050805563,1023.9704703841848,45.0,83.05156816397722,1.0908696168598908e-09
59,3,2,371.2195781197304,1048.9626582988171,47.5,83.41768908593822,1.2948474514828945e-09
59,3,2,289.8395745536487,1105.2706419897338,42.5,83.41768908593822,1.3058415460065476e-09
59,3,2,365.146966078937,1128.443837024118,45.0,83.78374275324825,1.5663855768011103e-09
59,3,2,749.4506505838197,830.5736418855641,68.6842105263158,83.05156816397722,1.0810023987062323e-09
59,3,2,557.7858135905544,885.6951123690677,59.21052631578947,83.05156816397722,1.0836841424222143e-09
59,3,2,652.4046536013791,854.2488774121889,63.94736842105264,83.05156816397722,1.0822305274160726e-09
59,3,2,737.5129643920474,898.4417357576041,67.5,83.41768908593822,1.2709294727741849e-09
59,3,2,641.1365987410641,924.1794523359371,62.50000000000001,83.41768908593822,1.2748796462958012e-09
59,3,2,725.7242403058148,966.6120783190694,66.1764705882353,83.78374275324825,1.5053870372483402e-09
59,3,2,848.2766591488629,814.8648696095315,73.42105263157895,83.05156816397722,1.0799970917574342e-09
59,3,2,935.6259895947834,872.2181424277902,77.5,83.41768908593822,1.2655519965321105e-09
59,3,2,835.9218473624198,881.0647260768636,72.5,83.41768908593822,1.2678530447729486e-09
59,3,2,923.0922651152943,937.1147587124998,76.76470588235294,83.78374275324825,1.4914449675274e-09
59,3,2,1023.2045030515521,935.9891626626385,82.05882352941177,83.78374275324825,1.487094225538499e-09
59,3,2,1110.433528609284,1007.4011963681363,87.1875,84.14973293629666,1.7597383550338463e-09
59,3,2,1010.5904357335485,999.8315304655148,81.5625,84.14973293629666,1.7667668439358408e-09
59,3,2,1097.7932114883017,1070.574527561027,87.00000000000001,84.51566339961471,2.1176516096232945e-09
59,3,2,823.6514671549917,947.3652343000401,71.47058823529412,83.78374275324825,1.4974633755215905e-09
59,3,2,910.616972807518,1001.9986998104692,75.9375,84.14973293629666,1.7769010707269217e-09
59,3,2,811.476765388392,1013.8376848654908,70.3125,84.14973293629666,1.7905475990787068e-09
59,3,2,898.2024263279277,1066.9207571392374,75.0,84.51566339961471,2.153331513099488e-09
59,3,2,998.0264238185102,1063.5615687655984,81.0,84.51566339961471,2.132468646109942e-09
59,3,2,1085.208400688837,1133.5734468977978,86.78571428571429,84.88153790222776,2.5996991226406863e-09
59,3,2,985.5099368121718,1127.2090513600447,80.35714285714286,84.88153790222776,2.6276376630107734e-09
59,3,2,1072.6760012620825,1196.4119483891066,86.53846153846155,85.24736019800629,3.2632085922301712e-09
59,3,2,466.2194003716394,924.6669131964375,54.47368421052631,83.05156816397722,1.0854496190759733e-09
59,3,2,547.5082092440771,958.0472400072955,57.5,83.41768908593822,1.2799157289578034e-09
59,3,2,457.31662663935975,999.7562857942995,52.50000000000001,83.41768908593822,1.2863995424439167e-09
59,3,2,537.670519107251,1031.2102021266314,55.58823529411765,83.78374275324825,1.5286861776431238e-09
59,3,2,630.1323042934971,994.652054813932,60.882352941176464,83.78374275324825,1.5156041976993606e-09
59,3,2,714.1166491905723,1035.1912608575572,64.6875,84.14973293629666,1.8083152752979004e-09
59,3,2,619.4579779338967,1065.8131254111624,59.0625,84.14973293629666,1.8310316596270582e-09
59,3,2,702.7357170845568,1104.3094252026283,63.0,84.51566339961471,2.2167807589568156e-09
59,3,2,449.100878424201,1075.943313416757,50.29411764705882,83.78374275324825,1.5453669455212093e-09
59,3,2,528.3884750863047,1105.3717580580862,53.4375,84.14973293629666,1.8596792994429734e-09
59,3,2,441.754673371779,1153.4549249227875,47.8125,84.14973293629666,1.8951382685372664e-09
59,3,2,519.820158681441,1180.7595855872332,51.0,84.51566339961471,2.3167967544424073e-09
59,3,2,609.2051788280062,1137.841381876585,57.0,84.51566339961471,2.2616994943547297e-09
59,3,2,691.6465187928364,1174.1281123922506,61.07142857142857,84.88153790222776,2.78352851879049e-09
59,3,2,599.5023086835691,1210.9578242137063,54.642857142857146,84.88153790222776,2.8636426563366513e-09
59,3,2,680.9434178775873,1244.8512638093423,58.84615384615385,85.24736019800629,3.5763445538350425e-09
59,3,2,799.4147585260828,1080.5684071211404,69.0,84.51566339961471,2.1810695471913277e-09
59,3,2,885.8535363458876,1131.942424356237,73.92857142857143,84.88153790222776,2.6667104080502213e-09
59,3,2,787.490975143831,1147.6640606540948,67.5,84.88153790222776,2.718202329887731e-09
59,3,2,873.5791903521967,1197.140082172028,72.6923076923077,85.24736019800629,3.378951562993393e-09
59,3,2,973.0389611921221,1190.8090569133403,79.61538461538461,85.24736019800629,3.311468876887602e-09
59,3,2,1060.1929374704096,1259.1046323516211,86.24999999999999,85.61313403601544,4.180312540569275e-09
59,3,2,960.6123161948365,1254.4043217471644,78.75,85.61313403601544,4.257458385836799e-09
59,3,2,1047.7561134975151,1321.6671325239265,85.9090909090909,85.97886316086331,5.432256866555463e-09
59,3,2,775.7438203873052,1215.259196231063,65.76923076923076,85.24736019800629,3.4670077919685127e-09
59,3,2,861.3945582251118,1262.6111928991563,71.25,85.61313403601544,4.365520833715664e-09
59,3,2,764.2317190224677,1283.5272896092608,63.75000000000001,85.61313403601544,4.504473238853279e-09
59,3,2,849.3250678780644,1328.483727052848,69.54545454545455,85.97886316086331,5.707091244033791e-09
59,3,2,948.230239493008,1318.0488476651249,77.72727272727272,85.97886316086331,5.5466964354877746e-09
59,3,2,1035.3623636552575,1384.1167815661117,85.5,86.3445513130483,7.0973040777744245e-09
59,3,2,935.895500828713,1381.8136336603084,76.5,86.3445513130483,7.254397527134415e-09
59,3,2,1023.0083885618494,1446.4737028468508,85.0,86.71020222930508,9.232006270565307e-09
59,3,2,74.09074304350996,1220.6453269328758,30.78947368421053,83.05156816397722,1.1088995277575009e-09
59,3,2,79.62259626271458,1312.1466065396103,27.499999999999996,83.41768908593822,1.352844614110893e-09
59,3,2,88.3456672823903,1405.9636692450151,23.823529411764707,83.78374275324825,1.6733494589971087e-09
59,3,2,142.02128820749897,1149.2944081311625,35.526315789473685,83.05156816397722,1.101348123810908e-09
59,3,2,213.7601645841438,1168.2363054727775,37.49999999999999,83.41768908593822,1.3197465342784653e-09
59,3,2,143.52255540428376,1237.371264869645,32.5,83.41768908593822,1.3361252104715504e-09
59,3,2,213.75869140429768,1254.8210600645389,34.411764705882355,83.78374275324825,1.6214114495483045e-09
59,3,2,286.48888881340037,1188.244137350372,39.705882352941174,83.78374275324825,1.5920547102865612e-09
59,3,2,360.3549728829112,1209.5747433977797,42.1875,84.14973293629666,1.9375518967024163e-09
59,3,2,284.9333369306464,1273.17322482785,36.5625,84.14973293629666,1.985131614645752e-09
59,3,2,357.2034141792175,1292.661136545387,39.00000000000001,84.51566339961471,2.453960368242747e-09
59,3,2,147.5362541120715,1327.60074933058,29.117647058823522,83.78374275324825,1.6509508204975987e-09
59,3,2,216.1736345153549,1343.628217844227,30.937499999999996,84.14973293629666,2.0324102401048094e-09
59,3,2,154.6946296254729,1420.2596807438297,25.3125,84.14973293629666,2.0685244628282362e-09
59,3,2,221.6592940774963,1434.9755845585453,27.0,84.51566339961471,2.579091828991409e-09
59,3,2,285.6688829345222,1360.381049121487,32.99999999999999,84.51566339961471,2.5248882984385546e-09
59,3,2,356.18309949564286,1378.061660359586,35.357142857142854,84.88153790222776,3.1626654628524875e-09
59,3,2,289.3668843472568,1450.231963522528,28.928571428571427,84.88153790222776,3.2401119565150793e-09
59,3,2,357.97438129235536,1466.1925861300335,31.153846153846153,85.24736019800629,4.0925618449705325e-09
59,3,2,101.04561054429561,1502.3362178915982,19.6875,84.14973293629666,2.0769610475923628e-09
59,3,2,55.702647015544976,1589.0818222144715,14.0625,84.14973293629666,2.0386767829450037e-09
59,3,2,118.74848073173501,1601.4782995142368,14.999999999999998,84.51566339961471,2.5413560145182146e-09
59,3,2,52.635549224156556,1785.0290329891034,3.0,84.51566339961471,2.1826926932533297e-09
59,3,2,80.89039525767639,1691.5969020209118,9.0,84.51566339961471,2.4040522905721673e-09
59,3,2,142.8069460902642,1703.532036425301,9.642857142857142,84.88153790222776,3.0062889955217997e-09
59,3,2,113.81993281444687,1796.757003315409,3.2142857142857144,84.88153790222776,2.706680879427381e-09
59,3,2,175.01974756601055,1808.48099276584,3.4615384615384612,85.24736019800629,3.39208150457182e-09
59,3,2,165.82995374870907,1515.6315264546436,21.0,84.51566339961471,2.593358638947052e-09
59,3,2,231.09427160477313,1529.1988960410692,22.5,84.88153790222776,3.261902525864002e-09
59,3,2,182.0501068709932,1613.980605600502,16.071428571428573,84.88153790222776,3.1923605980921366e-09
59,3,2,245.67405821868056,1626.6252532650199,17.30769230769231,85.24736019800629,4.0338909990111915e-09
59,3,2,296.9497034145189,1543.1238695164036,24.23076923076923,85.24736019800629,4.124335983846095e-09
59,3,2,363.53715255442364,1557.5251111569853,26.25,85.61313403601544,5.226413524184181e-09
59,3,2,309.70474187893967,1639.462411574837,18.75,85.61313403601544,5.113056644745484e-09
59,3,2,374.25185578525975,1652.5630984227116,20.454545454545457,85.97886316086331,6.4777334607413195e-09
59,3,2,204.84642871559754,1715.4993508336106,10.384615384615385,85.24736019800629,3.788113378533353e-09
59,3,2,267.0473497289429,1727.5136324017556,11.25,85.61313403601544,4.7977057882064855e-09
59,3,2,236.24756700159404,1820.203677308956,3.7499999999999996,85.61313403601544,4.2874890304744895e-09
59,3,2,297.51722031402574,1831.9280968721557,4.090909090909091,85.97886316086331,5.4460209675255555e-09
59,3,2,329.4585672905669,1739.5951624212212,12.272727272727272,85.97886316086331,6.085707937586449e-09
59,3,2,392.1442592855778,1751.7728750842666,13.5,86.3445513130483,7.698695014823898e-09
59,3,2,358.8444190061519,1843.657857717256,4.5,86.3445513130483,6.919131489979691e-09
59,3,2,420.247791128632,1855.3974804292911,5.0,86.71020222930508,8.747359281358058e-09
59,3,2,435.5251673639876,1232.5630360665873,44.99999999999999,84.51566339961471,2.381881136770403e-09
59,3,2,512.1847671464495,1257.6523679844915,48.21428571428571,84.88153790222776,2.957797340386037e-09
59,3,2,430.75211929043166,1313.59489921683,41.78571428571429,84.88153790222776,3.0613525048295287e-09
59,3,2,505.7915636570993,1336.393977571866,45.00000000000001,85.24736019800629,3.8472602881256535e-09
59,3,2,590.5325095438343,1285.4393082005704,51.92307692307692,85.24736019800629,3.705357354277794e-09
59,3,2,670.7658134682165,1316.7408667388931,56.24999999999999,85.61313403601544,4.671401931943819e-09
59,3,2,582.5622897543183,1361.6369925427925,48.75,85.61313403601544,4.856815394305158e-09
59,3,2,661.3244140953635,1390.1394932102742,53.18181818181818,85.97886316086331,6.137915509185632e-09
59,3,2,427.9105783949396,1396.9447457374704,38.07692307692307,85.24736019800629,3.9860394984714276e-09
59,3,2,501.08565930448543,1417.4110868627445,41.25,85.61313403601544,5.039445305499157e-09
59,3,2,427.67752226379554,1483.0849833334155,33.75,85.61313403601544,5.181151951916263e-09
59,3,2,498.7224181843444,1501.2334620288186,36.81818181818181,85.97886316086331,6.55032605934025e-09
59,3,2,575.9886942090069,1440.001200728676,44.99999999999999,85.97886316086331,6.368070959439365e-09
59,3,2,652.9466873739435,1465.5030451856812,49.49999999999999,86.3445513130483,8.013139485285592e-09
59,3,2,571.4196824358428,1521.1138967921165,40.5,86.3445513130483,8.238410842409394e-09
59,3,2,646.1588129860768,1543.4482130483857,45.0,86.71020222930508,1.0270492012409704e-08
59,3,2,753.0451914633779,1352.697208237028,61.36363636363635,85.97886316086331,5.908459055348203e-09
59,3,2,837.4135234808646,1394.9309567351702,67.5,86.3445513130483,7.473739849217509e-09
59,3,2,742.3280531052108,1423.0783698319844,58.5,86.3445513130483,7.738115925803868e-09
59,3,2,825.7334352604848,1462.195487022065,65.0,86.71020222930508,9.701993874955406e-09
59,3,2,923.6155995570786,1445.7961561663542,74.99999999999999,86.71020222930508,9.429680147832187e-09
59,3,2,1010.6906765408311,1508.76270421812,84.375,87.07581964294997,1.1847909320295003e-08
59,3,2,911.4073202781703,1510.1368018730989,73.125,87.07581964294997,1.2071076582742535e-08
59,3,2,998.4054249201793,1571.016778832982,83.57142857142858,87.44140728422514,1.4888452248840167e-08
59,3,2,732.3163044146263,1495.1000973384193,54.99999999999999,86.71020222930508,1.0006712791721384e-08
59,3,2,814.4153635036625,1530.629838611333,61.87499999999999,87.07581964294997,1.2367856960793233e-08
59,3,2,723.4132752601812,1569.3744776292895,50.625,87.07581964294997,1.2651478975556074e-08
59,3,2,803.70250781078,1600.7679954216312,57.857142857142854,87.44140728422514,1.5361994343265906e-08
59,3,2,899.3067956107,1575.048981186267,70.71428571428571,87.44140728422514,1.5103051254072852e-08
59,3,2,986.1485427972152,1633.2840911206117,82.5,87.80696888064219,1.821301154336652e-08
59,3,2,887.3936229769321,1640.8781490271344,67.5,87.80696888064219,1.8360754694413117e-08
59,3,2,973.9161060737697,1695.6433266530203,81.0,88.17250815732498,2.1595408128405325e-08
59,3,2,431.0383974249677,1572.571794252707,28.636363636363637,85.97886316086331,6.613654512932499e-09
59,3,2,499.6920454426209,1588.5127398357063,31.5,86.3445513130483,8.32485014257145e-09
59,3,2,439.46171210032,1666.0312876254584,22.5,86.3445513130483,8.169879883723752e-09
59,3,2,505.53498369015927,1680.025223069205,25.0,86.71020222930508,1.0216473000923543e-08
59,3,2,569.8163433610216,1605.7273561392142,35.0,86.71020222930508,1.0383656601220537e-08
59,3,2,641.8407069379705,1624.8191773046874,39.375,87.07581964294997,1.2789413084135504e-08
59,3,2,572.7552506117968,1694.7969848826945,28.125,87.07581964294997,1.2618962763610853e-08
59,3,2,641.535913166134,1710.770762995063,32.142857142857146,87.44140728422514,1.534308857742417e-08
59,3,2,455.1920209915687,1764.0899116378555,14.999999999999998,86.71020222930508,9.669901324116381e-09
59,3,2,518.7266355900167,1776.613939809841,16.875,87.07581964294997,1.200797239420126e-08
59,3,2,481.75067562697575,1867.1530325666183,5.625,87.07581964294997,1.0948668638377512e-08
59,3,2,543.3844263829916,1878.9333589502523,6.428571428571429,87.44140728422514,1.3506025631215834e-08
59,3,2,582.9346821598447,1789.4576540219732,19.285714285714285,87.44140728422514,1.4685463511909802e-08
59,3,2,648.1111403193787,1802.8230292818794,22.5,87.80696888064219,1.7629634641025405e-08
59,3,2,605.194957335673,1890.7526833779414,7.499999999999999,87.80696888064219,1.6356793253180513e-08
59,3,2,667.2569674318872,1902.6367383742624,9.0,88.17250815732498,1.9387059069231327e-08
59,3,2,716.3440756716602,1646.7978002883106,45.0,87.44140728422514,1.5509344919450996e-08
59,3,2,794.0778996536936,1673.4574079608785,52.5,87.80696888064219,1.84754274101806e-08
59,3,2,712.4975132445243,1728.7102014315587,37.5,87.80696888064219,1.8311773430923495e-08
59,3,2,786.5867242852066,1750.1123169359078,45.0,88.17250815732498,2.140450483523182e-08
59,3,2,875.8551721048694,1708.2274349686818,63.0,88.17250815732498,2.1590079057887124e-08
59,3,2,961.7070212139909,1758.2420037781035,78.75,88.5380288373519,2.4741868998034988e-08
59,3,2,865.1846358819506,1778.2537245962087,56.25,88.5380288373519,2.4466745074391838e-08
59,3,2,949.5377621895123,1821.4109031649816,75.0,88.90353464209751,2.732804738059258e-08
59,3,2,714.7537654888781,1817.1075472607215,27.0,88.17250815732498,2.0718587734336325e-08
59,3,2,783.7681621954692,1833.1976441045624,33.75,88.5380288373519,2.3785553082689148e-08
59,3,2,729.7088864591985,1914.6394725282216,11.25,88.5380288373519,2.2433866320170637e-08
59,3,2,792.8547389329074,1926.899204430894,14.999999999999998,88.90353464209751,2.5297332229001768e-08
59,3,2,856.9292745345936,1853.4539658294802,45.0,88.90353464209751,2.663275466829873e-08
59,3,2,937.546465768229,1886.115115277014,67.5,89.2690292915739,2.904617701915413e-08
59,3,2,857.5485508443143,1939.9023942713582,22.5,89.2690292915739,2.7763340071373932e-08
59,3,2,927.4147111213993,1956.8850748132802,45.0,89.63451650477154,2.9634316334181676e-08
59,3,2,1440.6587020336813,892.068225856109,101.84210526315789,83.05156816397722,1.082306466670957e-09
59,3,2,1247.8992533764645,833.7400984055979,92.36842105263158,83.05156816397722,1.079454303720695e-09
59,3,2,1345.4414827575342,858.9098427779956,97.10526315789473,83.05156816397722,1.0805686345705112e-09
59,3,2,1332.185052363922,923.2772379335867,97.49999999999999,83.41768908593822,1.2641589997031133e-09
59,3,2,1234.9211132862474,897.5974357976868,92.5,83.41768908593822,1.2632620505215186e-09
59,3,2,1222.0142481734847,961.2389052926874,92.6470588235294,83.78374275324825,1.4829582006825603e-09
59,3,2,2042.098479092264,1409.4396537189248,139.73684210526315,83.05156816397722,1.1207427208503873e-09
59,3,2,1926.6261369053366,1243.7392838136166,130.26315789473685,83.05156816397722,1.1069644090255792e-09
59,3,2,1987.865215263451,1324.1482584755065,135.0,83.05156816397722,1.1134956290348441e-09
59,3,2,1959.6865771081907,1403.480039422139,137.5,83.41768908593822,1.308358976714885e-09
59,3,2,1902.0613086627338,1320.6864594483125,132.5,83.41768908593822,1.2985834629830606e-09
59,3,2,1876.0368539728192,1398.5488019927197,135.0,83.78374275324825,1.5331657055028813e-09
59,3,2,2085.304083159927,1677.8648462514413,152.5,83.41768908593822,1.3468651749448668e-09
59,3,2,2038.6982406932468,1764.4025831323377,156.17647058823528,83.78374275324825,1.6172978511974634e-09
59,3,2,2065.5143558596346,1963.652821804509,166.76470588235296,83.78374275324825,1.6712250472394885e-09
59,3,2,2056.8424691422024,1863.3913264717478,161.47058823529412,83.78374275324825,1.644217317853247e-09
59,3,2,1997.745760342397,1951.6404567924587,165.9375,84.14973293629666,2.031366186372452e-09
59,3,2,1987.3115853311733,1851.746263832639,160.3125,84.14973293629666,1.9865777911576288e-09
59,3,2,1930.083966550323,1939.6803638856613,165.00000000000003,84.51566339961471,2.5096016376124908e-09
59,3,2,1931.7658304756787,2039.9136229135538,171.0,84.51566339961471,2.5758444266443803e-09
59,3,2,1865.6811532903669,2027.7869805691535,170.35714285714286,84.88153790222776,3.2517724068981124e-09
59,3,2,2088.9192245919176,1499.011052687149,144.47368421052633,83.05156816397722,1.1287071277621408e-09
59,3,2,2051.6911863048003,1582.7787223409896,147.49999999999997,83.41768908593822,1.3325301972955117e-09
59,3,2,2009.7019592886213,1491.074421809196,142.5,83.41768908593822,1.3196597148379396e-09
59,3,2,1974.749143464782,1573.7718155769062,145.58823529411768,83.78374275324825,1.5693326638199778e-09
59,3,2,2011.2488696757125,1667.5741064672065,150.88235294117646,83.78374275324825,1.5920125218116254e-09
59,3,2,1966.8759042235588,1753.405760784135,154.6875,84.14973293629666,1.9425543396067724e-09
59,3,2,1936.6507455645944,1657.6105777915338,149.0625,84.14973293629666,1.9019614772020077e-09
59,3,2,1894.6544766574816,1742.6308661480305,153.0,84.51566339961471,2.3690525097208592e-09
59,3,2,1929.5384615571343,1483.8311774445883,140.29411764705884,83.78374275324825,1.5497030325661854e-09
59,3,2,1896.951336055817,1565.3238406611354,143.4375,84.14973293629666,1.866367727032525e-09
59,3,2,1848.1920160668233,1477.469223851705,137.8125,84.14973293629666,1.8363964793266518e-09
59,3,2,1818.0606077359191,1557.5973276990792,141.0,84.51566339961471,2.2511885688913935e-09
59,3,2,1861.321664542588,1648.0687674467301,147.0,84.51566339961471,2.305768020960386e-09
59,3,2,1821.8640221325813,1732.1450763744067,151.07142857142858,84.88153790222776,2.938248533368437e-09
59,3,2,1785.031618341078,1639.0805497109002,144.64285714285714,84.88153790222776,2.8431046406041105e-09
59,3,2,1748.2923120318412,1722.0452617904539,148.84615384615384,85.24736019800629,3.701808637401882e-09
59,3,2,1917.6654931470152,1840.2064734384264,159.0,84.51566339961471,2.4384980701341874e-09
59,3,2,1862.4609274832535,1927.7780804529807,163.92857142857142,84.88153790222776,3.151681138291451e-09
59,3,2,1847.79006841644,1828.7986575837597,157.5,84.88153790222776,3.0435696185548977e-09
59,3,2,1794.7940711469755,1915.943180640751,162.6923076923077,85.24736019800629,4.012544518872119e-09
59,3,2,1799.7778224384258,2015.6980212800017,169.6153846153846,85.24736019800629,4.157054256381798e-09
59,3,2,1734.0081321120651,2003.6459313710416,168.75,85.61313403601544,5.351918908047537e-09
59,3,2,1777.543497051958,1817.5625803389744,155.76923076923077,85.24736019800629,3.855043395617486e-09
59,3,2,1726.9799625775427,1904.1916125354471,161.25,85.61313403601544,5.152231530303197e-09
59,3,2,1706.7450477529915,1806.5582917914612,153.74999999999997,85.61313403601544,4.932377617450356e-09
59,3,2,1658.884699890809,1892.5497200527616,159.54545454545453,85.97886316086331,6.628388504736904e-09
59,3,2,1668.3134127216917,1991.6313437728295,167.72727272727272,85.97886316086331,6.892667769875516e-09
59,3,2,1602.6181803717063,1979.6574702361147,166.5,86.3445513130483,8.820387087382642e-09
59,3,2,1785.0063581473084,1099.7756208130636,120.7894736842105,83.05156816397722,1.0959952945199802e-09
59,3,2,1621.4260509538765,981.5026427890482,111.31578947368422,83.05156816397722,1.0877795331154516e-09
59,3,2,1705.674781745338,1037.211123984481,116.05263157894737,83.05156816397722,1.0915433001912334e-09
59,3,2,1688.584008015391,1107.339120987079,117.50000000000001,83.41768908593822,1.2772574109476409e-09
59,3,2,1605.838362415507,1049.7154736916236,112.5,83.41768908593822,1.272467908819408e-09
59,3,2,1590.0471988895308,1118.1552191769852,113.8235294117647,83.78374275324825,1.4929518732387237e-09
59,3,2,1858.8386122200181,1168.7754519665525,125.52631578947368,83.05156816397722,1.10113451690097e-09
59,3,2,1837.3041216597246,1243.3413490069547,127.50000000000001,83.41768908593822,1.290221041116979e-09
59,3,2,1765.9497063320025,1172.043721121565,122.49999999999999,83.41768908593822,1.2831479212493946e-09
59,3,2,1746.2138943203588,1244.9046833400357,124.41176470588236,83.78374275324825,1.5084657967179282e-09
59,3,2,1814.7400779810168,1318.6746106877904,129.70588235294116,83.78374275324825,1.519520287374121e-09
59,3,2,1790.8808663105642,1394.9206429519045,132.1875,84.14973293629666,1.811989003286385e-09
59,3,2,1725.6131669672254,1318.492746654303,126.5625,84.14973293629666,1.7926985451666155e-09
59,3,2,1703.9061274827702,1392.9633271197004,129.0,84.51566339961471,2.1707153852190686e-09
59,3,2,1671.0876369863608,1177.8748681380628,119.11764705882352,83.78374275324825,1.4996967001579264e-09
59,3,2,1653.0638331662503,1248.932342795911,120.9375,84.14973293629666,1.7779329120060083e-09
59,3,2,1573.9789868000119,1186.9108647462267,115.31249999999999,84.14973293629666,1.7671151208986657e-09
59,3,2,1557.5385858064733,1256.0884235624758,117.0,84.51566339961471,2.124568743155919e-09
59,3,2,1634.354349836778,1320.6461517123466,122.99999999999999,84.51566339961471,2.1438255615180424e-09
59,3,2,1614.7497442700442,1393.1765413602513,125.35714285714286,84.88153790222776,2.647065011629479e-09
59,3,2,1540.6003836176758,1325.8159681005,118.92857142857143,84.88153790222776,2.6112045858894817e-09
59,3,2,1522.9948264403401,1396.250269336347,121.15384615384615,85.24736019800629,3.2930238536010847e-09
59,3,2,1532.8739662429273,933.0176212580975,106.57894736842105,83.05156816397722,1.0847033271588202e-09
59,3,2,1518.383328077769,999.5996167513027,107.49999999999999,83.41768908593822,1.2687190187321562e-09
59,3,2,1426.9223085389385,957.3545268889353,102.49999999999999,83.41768908593822,1.265963556207339e-09
59,3,2,1413.2049789391788,1022.5704105032451,103.23529411764706,83.78374275324825,1.4847837404019515e-09
59,3,2,1503.8275593558087,1066.2453048588177,108.52941176470587,83.78374275324825,1.4880294774144431e-09
59,3,2,1489.1668339677894,1133.0179549499253,109.6875,84.14973293629666,1.7597647783418324e-09
59,3,2,1399.4880202522243,1087.7562133100041,104.0625,84.14973293629666,1.7555261688784185e-09
59,3,2,1385.7482712740864,1152.958897593611,105.0,84.51566339961471,2.1054038512602347e-09
59,3,2,1318.988982948207,987.4786400421456,97.94117647058823,83.78374275324825,1.4831145200844276e-09
59,3,2,1305.8456332229257,1051.5371306140055,98.4375,84.14973293629666,1.7541682550969995e-09
59,3,2,1209.1750140126424,1024.6782023222097,92.8125,84.14973293629666,1.7555746856245946e-09
59,3,2,1196.3998329106823,1087.9289627361204,92.99999999999999,84.51566339961471,2.1083388368481337e-09
59,3,2,1292.746280854749,1115.4781391318672,99.0,84.51566339961471,2.1042605435894757e-09
59,3,2,1279.6806041481675,1179.3304349144348,99.64285714285714,84.88153790222776,2.5740165554566374e-09
59,3,2,1183.6851445959799,1151.0049137142591,93.21428571428571,84.88153790222776,2.581979519078459e-09
59,3,2,1171.0273425723262,1213.920073305732,93.46153846153845,85.24736019800629,3.2330200738783788e-09
59,3,2,1474.3502690076066,1199.9927383436764,111.0,84.51566339961471,2.1120083459891248e-09
59,3,2,1459.3112893845332,1267.2606665875664,112.5,84.88153790222776,2.587902336870229e-09
59,3,2,1371.956183261874,1218.2344518359664,106.07142857142857,84.88153790222776,2.5758253308083567e-09
59,3,2,1358.072910496506,1283.651295024038,107.3076923076923,85.24736019800629,3.2253610893206996e-09
59,3,2,1443.9605932772395,1334.9340457689495,114.23076923076924,85.24736019800629,3.249042368480559e-09
59,3,2,1428.1751668924799,1403.154137625464,116.25,85.61313403601544,4.176287760060404e-09
59,3,2,1344.045764224649,1349.295215038278,108.75,85.61313403601544,4.130207287289522e-09
59,3,2,1329.8008636971358,1415.2767059061578,110.45454545454545,85.97886316086331,5.3799484867056435e-09
59,3,2,1266.6359061780256,1243.127542335514,100.38461538461539,85.24736019800629,3.2203417710263693e-09
59,3,2,1253.5959132804576,1306.909819821224,101.25,85.61313403601544,4.116474272564119e-09
59,3,2,1158.4226843120425,1276.6890292917137,93.75000000000001,85.61313403601544,4.133402065065184e-09
59,3,2,1145.8671567303127,1339.3273498710369,94.0909090909091,85.97886316086331,5.36547561935663e-09
59,3,2,1240.5388447842654,1370.7276095812172,102.27272727272728,85.97886316086331,5.347458476023803e-09
59,3,2,1227.4341819600143,1434.64617285014,103.5,86.3445513130483,6.9991847873041024e-09
59,3,2,1133.3562621936508,1401.8522199615759,94.5,86.3445513130483,7.010686253750009e-09
59,3,2,1120.8846570993635,1464.2834791095327,95.0,86.71020222930508,9.131487566094165e-09
59,3,2,1765.3819646728712,1472.2419142498734,135.0,84.51566339961471,2.2062363047581357e-09
59,3,2,1737.7894173886336,1550.8167046386673,138.21428571428572,84.88153790222776,2.7622117926284773e-09
59,3,2,1680.7736180395318,1468.4961721149186,131.78571428571428,84.88153790222776,2.6969828592626754e-09
59,3,2,1655.7857930561095,1545.2974414533367,135.0,85.24736019800629,3.449662555610189e-09
59,3,2,1707.4949764557903,1630.8332360346924,141.9230769230769,85.24736019800629,3.5645570939379922e-09
59,3,2,1673.6690022329165,1712.4738859813212,146.25,85.61313403601544,4.718926138735924e-09
59,3,2,1628.3520255275243,1623.5984140318906,138.75,85.61313403601544,4.529828512289669e-09
59,3,2,1597.642922332888,1703.6454844027094,143.1818181818182,85.97886316086331,6.050586254247037e-09
59,3,2,1593.9671592064708,1466.7152878056497,128.0769230769231,85.24736019800629,3.359312161776984e-09
59,3,2,1571.6160978967941,1541.4920157325078,131.25,85.61313403601544,4.3747592215481745e-09
59,3,2,1504.4874905124848,1467.5855019908263,123.75000000000001,85.61313403601544,4.2570769132055375e-09
59,3,2,1484.7455722597365,1540.0643931318355,126.81818181818183,85.97886316086331,5.606453523654409e-09
59,3,2,1547.144255618813,1617.7793573586628,135.0,85.97886316086331,5.8031703886740615e-09
59,3,2,1519.749208893052,1695.8923744108147,139.5,86.3445513130483,7.750655228733194e-09
59,3,2,1463.2823902966707,1613.991601425531,130.5,86.3445513130483,7.445823069218704e-09
59,3,2,1439.3619061092231,1689.746891862664,135.0,86.71020222930508,9.854519866792089e-09
59,3,2,1635.1583682263567,1795.8783199115742,151.36363636363637,85.97886316086331,6.334511581940205e-09
59,3,2,1590.32888451506,1881.0614301197493,157.5,86.3445513130483,8.485435465388491e-09
59,3,2,1562.4660276348598,1785.6690354200784,148.5,86.3445513130483,8.109837246195184e-09
59,3,2,1521.0632522730261,1869.8016868142101,155.0,86.71020222930508,1.0741420197746265e-08
59,3,2,1536.8204960870214,1967.7323277941432,165.00000000000003,86.71020222930508,1.1147551326473604e-08
59,3,2,1470.7752910810405,1955.8733404923523,163.125,87.07581964294997,1.3844750235136871e-08
59,3,2,1407.4869249920953,2042.896111727084,173.57142857142858,87.44140728422514,1.7107522509718365e-08
59,3,2,1488.2297855096544,1776.1697737315938,145.0,86.71020222930508,1.0283759621643185e-08
59,3,2,1450.7275801237859,1858.9029534609324,151.875,87.07581964294997,1.3374656049336409e-08
59,3,2,1411.8272945797742,1767.7882789468733,140.625,87.07581964294997,1.284575912308128e-08
59,3,2,1378.778333259216,1848.6110327713077,147.85714285714286,87.44140728422514,1.6313048689653442e-08
59,3,2,1404.2638488312625,1944.1174770445064,160.71428571428572,87.44140728422514,1.6830563609460114e-08
59,3,2,1343.8978243631004,2030.9243605048684,172.49999999999997,87.80696888064219,2.022303036142148e-08
59,3,2,1336.9340389714646,1932.5454888005615,157.5,87.80696888064219,1.9967732356462875e-08
59,3,2,1280.3233914635432,2018.9710707636038,171.0,88.17250815732498,2.3278053262743015e-08
59,3,2,1411.7805681471193,1472.102048942544,118.63636363636364,85.97886316086331,5.465472963095408e-09
59,3,2,1394.521287060707,1542.0143149110638,121.5,86.3445513130483,7.215355868339657e-09
59,3,2,1315.2307859531054,1481.742149000631,112.5,86.3445513130483,7.066458085347449e-09
59,3,2,1300.1728547246025,1548.8913079805152,115.0,86.71020222930508,9.264762290683848e-09
59,3,2,1376.0090198769506,1613.2050819538406,125.00000000000001,86.71020222930508,9.505913389773468e-09
59,3,2,1355.6278637027717,1686.096553187588,129.375,87.07581964294997,1.2366868418212107e-08
59,3,2,1284.368892946229,1617.0054231732847,118.125,87.07581964294997,1.2006655225604845e-08
59,3,2,1267.3857165211898,1686.4932838864527,122.14285714285714,87.44140728422514,1.525044091010841e-08
59,3,2,1214.2369980753822,1498.7537198308858,105.00000000000001,86.71020222930508,9.14024145259873e-09
59,3,2,1200.8774390864703,1563.1750499027246,106.875,87.07581964294997,1.1797906651622725e-08
59,3,2,1108.4455013841539,1526.645410579777,95.625,87.07581964294997,1.174819264093685e-08
59,3,2,1096.029200401275,1588.970024705352,96.42857142857142,87.44140728422514,1.4815146442970217e-08
59,3,2,1187.2398511808215,1628.0959077979787,109.28571428571429,87.44140728422514,1.493230961102654e-08
59,3,2,1173.1177735572849,1693.809080471453,112.49999999999999,87.80696888064219,1.8415109437341926e-08
59,3,2,1083.620752073572,1651.303552589631,97.5,87.80696888064219,1.8202948481871317e-08
59,3,2,1071.1935069427407,1713.7205494337436,98.99999999999999,88.17250815732498,2.1694150476037066e-08
59,3,2,1332.3503084151296,1761.2554323050772,135.0,87.44140728422514,1.5738626402139744e-08
59,3,2,1304.3553755666376,1839.412540586733,142.5,87.80696888064219,1.942910543561993e-08
59,3,2,1248.4454306851042,1757.9669149878646,127.50000000000001,87.80696888064219,1.885211453611646e-08
59,3,2,1226.026730392988,1832.3572466461203,135.0,88.17250815732498,2.2542224087374052e-08
59,3,2,1268.173177144543,1921.3463955393547,153.0,88.17250815732498,2.3067800114517922e-08
59,3,2,1216.6127368286227,2007.0356025288488,168.75,88.5380288373519,2.605270843503149e-08
59,3,2,1196.8085766816982,1911.0156496970874,146.25,88.5380288373519,2.5903812428396122e-08
59,3,2,1152.4299022738376,1995.1352008194588,165.0,88.90353464209751,2.8320362943645705e-08
59,3,2,1158.1060310578728,1760.8076738982606,117.0,88.17250815732498,2.2019504442027937e-08
59,3,2,1141.3030477666766,1829.9875760702369,123.74999999999999,88.5380288373519,2.5424643723681584e-08
59,3,2,1058.6921793359948,1776.3585321688277,101.25,88.5380288373519,2.499790952015246e-08
59,3,2,1045.9758038882383,1839.518935308487,105.0,88.90353464209751,2.778392627078574e-08
59,3,2,1120.3130902950156,1903.1020676096339,135.0,88.90353464209751,2.8223860581988447e-08
59,3,2,1086.7978447386356,1983.4094011511454,157.5,89.2690292915739,2.987149372302156e-08
59,3,2,1032.5500950427718,1904.0480750743495,112.5,89.2690292915739,2.9725724104423534e-08
59,3,2,1015.1351012459962,1973.5375688163822,135.0,89.63451650477154,3.0494380354184614e-08
59,3,2,95.42286409692554,1892.5205051355279,356.78571428571433,84.88153790222776,2.3340580579400694e-09
59,3,2,87.82541750532005,1989.6611928873667,350.35714285714283,84.88153790222776,1.956573347783319e-09
59,3,2,156.59514286573932,1904.2539130961065,356.5384615384615,85.24736019800629,2.901145768063884e-09
59,3,2,149.8179169499735,2001.467716045272,349.6153846153846,85.24736019800629,2.4064954473601574e-09
59,3,2,217.79487402226314,1915.9887214550386,356.25,85.61313403601544,3.6558136518038964e-09
59,3,2,211.97965864762978,2013.279838345949,348.75,85.61313403601544,3.0221065649982393e-09
59,3,2,279.0360239397179,1927.7271858526913,355.9090909090909,85.97886316086331,4.6533314979058105e-09
59,3,2,274.3635338368228,2025.096688192059,347.7272727272727,85.97886316086331,3.861010178241031e-09
59,3,2,340.33452069273346,1939.4717165519796,355.5,86.3445513130483,5.950014259070713e-09
59,3,2,337.0398929902944,2036.9149875819944,346.5,86.3445513130483,4.984892498782756e-09
59,3,2,401.70934468867335,1951.2249351541882,355.0,86.71020222930508,7.594175066572006e-09
59,3,2,463.1844317940859,1962.9897462729446,354.375,87.07581964294997,9.614275597868982e-09
59,3,2,524.7922023711442,1974.7694090762488,353.57142857142856,87.44140728422514,1.2005838101458721e-08
59,3,2,586.5806142518177,1986.5675266714657,352.5,87.80696888064219,1.471973920530445e-08
59,3,2,648.6286709005024,1998.3875827699048,351.0,88.17250815732498,1.76551839814465e-08
59,3,2,711.0851422094565,2010.2302753848705,348.75,88.5380288373519,2.066070159401079e-08
59,3,2,774.2842469395473,2022.0788343910274,344.99999999999994,88.90353464209751,2.3546217420289395e-08
59,3,2,839.2017957340775,2033.7955248528372,337.5,89.2690292915739,2.6111569795261858e-08
59,3,2,910.4215703036617,2043.7097574893485,315.0,89.63451650477154,2.8240503269216788e-08
59,3,3,82.4768788014579,2038.8483671267277,177.3529411764706,83.78374275324825,1.7165298071830648e-09
59,3,3,1327.3974386287412,1138.5949998452556,267.35294117647055,83.78374275324825,1.1033212121702718e-09
59,3,3,64.80768811455482,1830.8874626634663,187.5,83.41768908593822,1.425604856386542e-09
59,3,3,102.3268504803396,1940.1711024444733,182.6470588235294,83.78374275324825,1.7290125997604378e-09
59,3,3,403.8379578210014,1250.9019882171415,220.26315789473682,83.05156816397722,1.0313262466254969e-09
59,3,3,486.26119658064266,1192.6794802234444,225.0,83.05156816397722,1.0008608386513629e-09
59,3,3,566.5021373291236,1220.354792973536,227.5,83.41768908593822,1.1608353167602559e-09
59,3,3,481.95224458789744,1275.0899052549137,222.5,83.41768908593822,1.2013905426044857e-09
59,3,3,560.8359019152196,1300.6976428247826,225.0,83.78374275324825,1.4018487481948227e-09
59,3,3,941.371727817422,1080.5564118416246,247.50000000000003,83.41768908593822,1.0332258382206305e-09
59,3,3,843.6115628113724,1103.101383265088,242.49999999999997,83.41768908593822,1.0606376887878355e-09
59,3,3,930.1308427464066,1148.3805887467433,246.17647058823528,83.78374275324825,1.218907308420114e-09
59,3,3,1040.574630987003,1066.5600372216945,252.50000000000003,83.41768908593822,1.0080567491854708e-09
59,3,3,1128.6511664316236,1125.284068416255,256.7647058823529,83.78374275324825,1.1553751289028469e-09
59,3,3,1228.4190219049608,1127.4084149833818,262.05882352941177,83.78374275324825,1.128099391678461e-09
59,3,3,1315.5523838159197,1200.8599167469613,267.1875,84.14973293629666,1.2899284973499903e-09
59,3,3,1216.5645025592826,1190.3402016350324,261.5625,84.14973293629666,1.3231417073100715e-09
59,3,3,1303.7056693107818,1263.0157044177147,267.00000000000006,84.51566339961471,1.516605729889875e-09
59,3,3,1028.937983073878,1132.2808521315437,251.47058823529414,83.78374275324825,1.1854736081673423e-09
59,3,3,1116.841681272811,1189.4538714050775,255.9375,84.14973293629666,1.360170864828092e-09
59,3,3,1017.3380346030782,1198.2528376252199,250.31250000000003,84.14973293629666,1.4019164717993249e-09
59,3,3,1105.0341374330396,1253.7389572639936,255.00000000000003,84.51566339961471,1.6177217343482653e-09
59,3,3,1204.7005664300873,1253.2370641121763,261.0,84.51566339961471,1.564030682743578e-09
59,3,3,1291.8553937853842,1325.0744632635933,266.78571428571433,84.88153790222776,1.8055598127730832e-09
59,3,3,1192.8258167586491,1316.1274826356068,260.35714285714283,84.88153790222776,1.876891753127552e-09
59,3,3,1279.9995828028657,1387.0487760025967,266.53846153846155,85.24736019800629,2.192235060149983e-09
59,3,3,748.0512690413336,1134.0609419124767,237.49999999999997,83.41768908593822,1.0907110770119743e-09
59,3,3,655.4378783093202,1173.2343979648776,232.5,83.41768908593822,1.123961812510288e-09
59,3,3,738.633196230199,1207.424096334311,235.58823529411768,83.78374275324825,1.2988945474745606e-09
59,3,3,833.0812068562043,1173.4867935585435,240.88235294117646,83.78374275324825,1.2564110862811617e-09
59,3,3,919.0142993824032,1216.696281782839,244.68749999999997,84.14973293629666,1.449592557101198e-09
59,3,3,822.8286183970896,1244.6493750917994,239.0625,84.14973293629666,1.5046976997723505e-09
59,3,3,908.0695416329086,1285.634761761587,243.0,84.51566339961471,1.7520883632826667e-09
59,3,3,647.6159582243822,1249.9383742889352,230.2941176470588,83.78374275324825,1.347236100457394e-09
59,3,3,729.7270153255827,1281.8829108734242,233.43750000000003,84.14973293629666,1.5687756649285234e-09
59,3,3,640.6336521046626,1328.0739167105721,227.8125,84.14973293629666,1.6428503002430261e-09
59,3,3,721.4966261218951,1357.6693886024814,230.99999999999997,84.51566339961471,1.938322613526111e-09
59,3,3,812.9486617810355,1316.7705395539986,237.00000000000003,84.51566339961471,1.8376551391696694e-09
59,3,3,897.3638560602604,1355.359358680878,241.07142857142856,84.88153790222776,2.169843194010923e-09
59,3,3,803.5739081226917,1390.0748718095901,234.6428571428571,84.88153790222776,2.3061654808032017e-09
59,3,3,886.9943336307898,1426.076617978026,238.84615384615384,85.24736019800629,2.767656548385844e-09
59,3,3,1005.7931235317466,1264.5621985901803,249.00000000000003,84.51566339961471,1.679620553751704e-09
59,3,3,1093.2345312018235,1318.2001019806985,253.92857142857144,84.88153790222776,1.9589216915250063e-09
59,3,3,994.3301047498536,1331.3158958407275,247.50000000000003,84.88153790222776,2.055256187460941e-09
59,3,3,1081.4527530189969,1382.9132611091902,252.69230769230768,85.24736019800629,2.431568946192897e-09
59,3,3,1180.9392533654811,1379.045426915102,259.6153846153846,85.24736019800629,2.302726009872913e-09
59,3,3,1268.1361662918398,1448.95198261655,266.25000000000006,85.61313403601544,2.7287461179525963e-09
59,3,3,1169.0405977616083,1442.032710508718,258.75,85.61313403601544,2.9007864998931154e-09
59,3,3,1256.2629475891088,1510.7985961226602,265.9090909090909,85.97886316086331,3.485159716376529e-09
59,3,3,982.9887940429458,1398.649296836353,245.76923076923077,85.24736019800629,2.5846735862700143e-09
59,3,3,1069.7049244862096,1447.9758151894414,251.25,85.61313403601544,3.103667767234697e-09
59,3,3,971.8292368255246,1466.7373438016918,243.75,85.61313403601544,3.3458553705401073e-09
59,3,3,1058.017423195493,1513.5160804520194,249.54545454545453,85.97886316086331,4.063333669535041e-09
59,3,3,1157.130888076444,1505.1426095054128,257.72727272727275,85.97886316086331,3.749267563080139e-09
59,3,3,1244.3775608197132,1572.6049587559944,265.5,86.3445513130483,4.546457432752504e-09
59,3,3,1145.2136033229633,1568.4456195038351,256.5,86.3445513130483,4.9409609736983384e-09
59,3,3,1232.4774131076967,1634.390326667189,265.0,86.71020222930508,6.003074481952808e-09
59,3,3,254.78268034024887,1386.941734837166,210.78947368421055,83.05156816397722,1.0946960005142614e-09
59,3,3,130.37317976744396,1545.9835955597594,201.31578947368422,83.05156816397722,1.1494203366879674e-09
59,3,3,189.2477592379667,1463.8453497419814,206.05263157894737,83.05156816397722,1.1241931829886198e-09
59,3,3,261.2299464873797,1480.7210650983468,207.50000000000003,83.41768908593822,1.332084997862637e-09
59,3,3,200.63623082391035,1561.3581036524954,202.5,83.41768908593822,1.3693316480711815e-09
59,3,3,270.9839908449613,1576.9376736221727,203.82352941176472,83.78374275324825,1.6437713412642552e-09
59,3,3,326.48945478451355,1315.8001598324456,215.52631578947367,83.05156816397722,1.0630726299254434e-09
59,3,3,402.4675693227821,1337.0438770063597,217.49999999999997,83.41768908593822,1.2448838626610836e-09
59,3,3,328.6924212570628,1405.7594845550273,212.5,83.41768908593822,1.2894394441076429e-09
59,3,3,403.05241844362337,1425.2448633213376,214.41176470588232,83.78374275324825,1.5254615348681e-09
59,3,3,479.0688815459695,1359.293743916461,219.7058823529412,83.78374275324825,1.4620502586382145e-09
59,3,3,556.4409746967532,1382.8073048027693,222.1875,84.14973293629666,1.7265199270255494e-09
59,3,3,477.999867658882,1445.5786072477124,216.5625,84.14973293629666,1.816957806433095e-09
59,3,3,553.6923774198838,1466.9954936821177,219.0,84.51566339961471,2.182603209277545e-09
59,3,3,333.47806103344317,1497.9988969458311,209.11764705882354,83.78374275324825,1.587847964223954e-09
59,3,3,406.1099514794206,1515.7978281438511,210.9375,84.14973293629666,1.9083898905591923e-09
59,3,3,341.5101686221186,1592.7944263468553,205.3125,84.14973293629666,1.9926971184247577e-09
59,3,3,412.3248183907153,1609.0215557369052,207.0,84.51566339961471,2.441855384560654e-09
59,3,3,479.26334752932615,1534.2723102119787,213.0,84.51566339961471,2.3156465633888956e-09
59,3,3,553.1008782322931,1553.6266693101302,215.35714285714286,84.88153790222776,2.8362090453981637e-09
59,3,3,483.55939188481074,1625.7420345627547,208.92857142857142,84.88153790222776,3.0222340186014662e-09
59,3,3,555.3733789128606,1643.12177811205,211.15384615384616,85.24736019800629,3.767967271528505e-09
59,3,3,78.60126536803921,1632.7865862444419,196.57894736842107,83.05156816397722,1.168729779621458e-09
59,3,3,147.4146965145158,1647.0494727273067,197.5,83.41768908593822,1.3981537039242653e-09
59,3,3,102.0108811452485,1737.1283046408907,192.5,83.41768908593822,1.4168951567583576e-09
59,3,3,169.48088103064924,1750.5976863499536,193.23529411764704,83.78374275324825,1.7170910249220128e-09
59,3,3,216.14798891126992,1661.3820262914978,198.52941176470588,83.78374275324825,1.6880044029221608e-09
59,3,3,284.86981372115133,1675.823421476551,199.6875,84.14973293629666,2.061322446067493e-09
59,3,3,236.7801694214871,1764.0725916461743,194.0625,84.14973293629666,2.1077684042580813e-09
59,3,3,303.9609835469643,1777.5758298164822,194.99999999999997,84.51566339961471,2.622452255351959e-09
59,3,3,131.42058129650823,1843.8019570969263,187.94117647058823,83.78374275324825,1.73022052241123e-09
59,3,3,197.74691094829146,1856.670704948411,188.4375,84.14973293629666,2.1294126462123586e-09
59,3,3,168.18343869230975,1952.6966988774734,182.8125,84.14973293629666,2.1277331008207057e-09
59,3,3,233.71038064832237,1965.1657831036928,183.0,84.51566339961471,2.6597817281981406e-09
59,3,3,263.8176820620164,1869.5022650372457,189.0,84.51566339961471,2.65956123790545e-09
59,3,3,329.6666898963233,1882.3067672662373,189.64285714285714,84.88153790222776,3.3654259379289897e-09
59,3,3,298.92660433094125,1977.581767468212,183.21428571428572,84.88153790222776,3.3724485426489537e-09
59,3,3,363.8508081464103,1989.9481102448058,183.46153846153848,85.24736019800629,4.320088731191163e-09
59,3,3,353.6601192478756,1690.4236661947816,201.0,84.51566339961471,2.547894561999442e-09
59,3,3,422.6141148044607,1705.248150302579,202.5,84.88153790222776,3.183636465564632e-09
59,3,3,371.08404693925286,1791.1364858779168,196.07142857142858,84.88153790222776,3.3019049716642712e-09
59,3,3,438.22203012037687,1804.7927846551704,197.3076923076923,85.24736019800629,4.191600844194454e-09
59,3,3,491.84775649123475,1720.3845446455766,204.23076923076923,85.24736019800629,4.008195997329267e-09
59,3,3,561.5054229871706,1735.953570560346,206.25000000000003,85.61313403601544,5.06025887858641e-09
59,3,3,505.46453778544964,1818.5965632766101,198.75,85.61313403601544,5.336638686515016e-09
59,3,3,572.9254870058027,1832.6204982501113,200.45454545454544,85.97886316086331,6.773866800813266e-09
59,3,3,395.3320000083098,1895.096679762525,190.3846153846154,85.24736019800629,4.297673772413191e-09
59,3,3,460.85808770627943,1907.8879951989827,191.25,85.61313403601544,5.50764234219514e-09
59,3,3,428.501796322476,2002.2684055386926,183.75,85.61313403601544,5.558951077233587e-09
59,3,3,492.8989408863847,2014.5465170158,184.0909090909091,85.97886316086331,7.13875447644341e-09
59,3,3,526.2990459890725,1920.7021350755062,192.27272727272728,85.97886316086331,7.039048455226293e-09
59,3,3,591.7235797335252,1933.5691357121943,193.5,86.3445513130483,8.917060867474902e-09
59,3,3,557.0628653953544,2026.7867897560336,184.49999999999997,86.3445513130483,9.091374764125248e-09
59,3,3,621.0165283352832,2038.9944072789121,185.0,86.71020222930508,1.14179794508118e-08
59,3,3,634.7478512787637,1407.9185465638702,225.0,84.51566339961471,2.054328485101564e-09
59,3,3,714.1688402338086,1435.0675150068978,228.21428571428572,84.88153790222776,2.4656432451308774e-09
59,3,3,630.3111637798144,1489.8058368925033,221.78571428571428,84.88153790222776,2.645394570066628e-09
59,3,3,708.0632064075764,1514.42749622301,225.0,85.24736019800629,3.2313918207904635e-09
59,3,3,794.8930170630233,1464.8438750381063,231.92307692307693,85.24736019800629,2.9838804760373705e-09
59,3,3,877.1039695019133,1498.0521555996168,236.25,85.61313403601544,3.633615408560331e-09
59,3,3,787.1801196253953,1541.4346002277139,228.75,85.61313403601544,3.967026707130117e-09
59,3,3,867.9085177644646,1571.6334694751602,233.1818181818182,85.97886316086331,4.874999959270099e-09
59,3,3,627.8159606508978,1574.1367538444504,218.0769230769231,85.24736019800629,3.4996356923500116e-09
59,3,3,703.6391219815528,1596.1832830335927,221.25,85.61313403601544,4.335069192507035e-09
59,3,3,627.9629932395505,1661.3900932897322,213.75,85.61313403601544,4.71224481657373e-09
59,3,3,701.5722817685331,1680.8724183846375,216.8181818181818,85.97886316086331,5.8811320258200794e-09
59,3,3,780.8431999994268,1620.3046435463646,225.00000000000003,85.97886316086331,5.366115995997234e-09
59,3,3,859.7429288252799,1647.2830113115572,229.49999999999997,86.3445513130483,6.604619962047309e-09
59,3,3,776.5064542185482,1702.0445489411215,220.49999999999997,86.3445513130483,7.285851033600466e-09
59,3,3,853.1450369101636,1725.6259510826858,225.0,86.71020222930508,8.915044702462183e-09
59,3,3,960.9439934469665,1535.8112196186812,241.36363636363635,85.97886316086331,4.4374108831846115e-09
59,3,3,1046.43408559842,1579.7082392646546,247.50000000000003,86.3445513130483,5.412668979687396e-09
59,3,3,950.4797037272692,1606.1837998629553,238.50000000000003,86.3445513130483,5.969553740214906e-09
59,3,3,1035.029694367809,1646.7965959001517,244.99999999999997,86.71020222930508,7.253367684256773e-09
59,3,3,1133.2968762301557,1632.0389852721999,255.00000000000003,86.71020222930508,6.571772459551539e-09
59,3,3,1220.5596108138384,1696.1787594263492,264.375,87.07581964294997,7.93394772102829e-09
59,3,3,1121.3980767545972,1696.0632263243124,253.125,87.07581964294997,8.7212885802046e-09
59,3,3,1208.6208843025704,1758.0026208484212,263.57142857142856,87.44140728422514,1.0383137016845012e-08
59,3,3,940.6766440206632,1678.2894333048282,235.00000000000003,86.71020222930508,8.045089927577465e-09
59,3,3,1023.9366366126233,1715.136531456468,241.875,87.07581964294997,9.66338653540788e-09
59,3,3,931.9451480760628,1752.7473881373944,230.62499999999997,87.07581964294997,1.0729850785651251e-08
59,3,3,1013.4011640025617,1785.2666769938849,237.85714285714286,87.44140728422514,1.2666666826532946e-08
59,3,3,1109.5539360336547,1760.7324264851675,250.71428571428572,87.44140728422514,1.1427019330767507e-08
59,3,3,1196.65759241977,1819.9095728701857,262.5,87.80696888064219,1.3333980142249402e-08
59,3,3,1097.8448166065332,1826.3936026768763,247.50000000000003,87.80696888064219,1.4656984959060537e-08
59,3,3,1184.6661768466802,1881.9779508655527,261.0,88.17250815732498,1.6687526027681088e-08
59,3,3,631.7707984016616,1752.1263635130776,208.63636363636363,85.97886316086331,6.370401983701868e-09
59,3,3,702.8824211486548,1769.1535172897686,211.50000000000003,86.3445513130483,7.951989289267658e-09
59,3,3,640.754320251805,1846.9702472681881,202.5,86.3445513130483,8.521680250339614e-09
59,3,3,709.1535197405108,1861.8057892164234,204.99999999999997,86.71020222930508,1.0568836472657495e-08
59,3,3,775.1557958061418,1787.4157658189656,214.99999999999997,86.71020222930508,9.79151693059066e-09
59,3,3,849.0137258094666,1807.516876126456,219.375,87.07581964294997,1.1840850078215226e-08
59,3,3,778.4067013786553,1877.380977190823,208.125,87.07581964294997,1.2864600940076798e-08
59,3,3,848.9246506651364,1894.1216642643858,212.14285714285714,87.44140728422514,1.531325821702012e-08
59,3,3,657.2230999789423,1946.5332374971729,194.99999999999997,86.71020222930508,1.1136081390361596e-08
59,3,3,722.9254417637292,1959.6632525910784,196.875,87.07581964294997,1.3648539187727238e-08
59,3,3,789.0193255032917,1973.0731340355678,199.28571428571428,87.44140728422514,1.6357637022679228e-08
59,3,3,855.8006137378712,1986.966324936963,202.5,87.80696888064219,1.9117067040497204e-08
59,3,3,925.0226247273167,1830.4639771804289,225.0,87.44140728422514,1.4014982951948696e-08
59,3,3,1003.912128489704,1858.0419609113694,232.5,87.80696888064219,1.6200809582755937e-08
59,3,3,921.3209028581448,1912.7924557869542,217.5,87.80696888064219,1.7776599747776345e-08
59,3,3,996.5271698500072,1934.888522114156,225.0,88.17250815732498,2.0088981145249818e-08
59,3,3,1086.4594528286318,1893.6530644013308,243.0,88.17250815732498,1.82878245880147e-08
59,3,3,1172.6458226880404,1944.355147566834,258.75,88.5380288373519,2.0253398957947866e-08
59,3,3,1075.8943994638269,1963.674128097542,236.25,88.5380288373519,2.2095679952371938e-08
59,3,3,1160.6131997038426,2007.372269275811,255.00000000000003,88.90353464209751,2.376028795936236e-08
59,3,3,923.7658544115786,2001.7420819247727,207.0,88.17250815732498,2.1739980482493593e-08
59,3,3,993.815203675238,2018.2887890228978,213.75,88.5380288373519,2.401879406477292e-08
59,3,3,1067.707667976401,2038.967167081619,224.99999999999997,88.90353464209751,2.5760886757097978e-08
59,3,3,1424.7564240550066,1158.709704680059,272.6470588235294,83.78374275324825,1.0808409722784518e-09
59,3,3,2074.9693293043265,1936.4554948045372,333.0,84.51566339961471,1.151761352957692e-09
59,3,3,2076.038315411377,1764.4392979477047,323.4375,84.14973293629666,1.0241780756814478e-09
59,3,3,2029.7468248218072,1678.4763334448742,317.8125,84.14973293629666,1.0528543592513984e-09
59,3,3,2002.0450605881892,1755.8423106977684,321.0,84.51566339961471,1.1618666029278302e-09
59,3,3,2043.2325156185389,1844.2932135661329,326.99999999999994,84.51566339961471,1.1379601705385767e-09
59,3,3,2006.6576928612428,1925.628336966753,331.07142857142856,84.88153790222776,1.3319587655047371e-09
59,3,3,1971.4758160935714,1834.6803655634235,324.64285714285717,84.88153790222776,1.3133319987090886e-09
59,3,3,1937.2477266132196,1915.1317482806558,328.8461538461538,85.24736019800629,1.5942478448494057e-09
59,3,3,2031.4585776062245,2019.8571623108433,337.5,84.88153790222776,1.4335234110873785e-09
59,3,3,1965.3018806007094,2008.4813131789917,335.7692307692308,85.24736019800629,1.726394804890674e-09
59,3,3,1898.2870856556424,1997.287530210217,333.75,85.61313403601544,2.1572597042052166e-09
59,3,3,1782.245818564643,1323.2817011942345,293.8235294117647,83.78374275324825,1.010594496975159e-09
59,3,3,1975.2358892584227,1597.3108428663616,312.1875,84.14973293629666,1.0832504893087957e-09
59,3,3,1912.9927462567507,1521.7045655156783,306.5625,84.14973293629666,1.1113349129843186e-09
59,3,3,1893.0893848204319,1593.7788249647751,308.99999999999994,84.51566339961471,1.2454731690425547e-09
59,3,3,1843.5757757669014,1452.3731045605864,300.9375,84.14973293629666,1.1366463326112353e-09
59,3,3,1767.6105946222547,1389.9795372879828,295.3125,84.14973293629666,1.1602101501750894e-09
59,3,3,1752.5479922995585,1457.181777100118,297.0,84.51566339961471,1.3252711150713026e-09
59,3,3,1826.4348215274624,1521.8997180757679,303.0,84.51566339961471,1.2868689447387283e-09
59,3,3,1808.3604926164314,1592.3233193459007,305.3571428571429,84.88153790222776,1.4574130791089601e-09
59,3,3,1736.9371942390508,1525.01351479996,298.9285714285714,84.88153790222776,1.5161077948633306e-09
59,3,3,1720.6142187867802,1593.628841175463,301.15384615384613,85.24736019800629,1.7568020371783177e-09
59,3,3,1611.405379625966,1224.8257116708915,283.2352941176471,83.78374275324825,1.042207764534453e-09
59,3,3,1699.1625787619053,1270.2065748479442,288.52941176470586,83.78374275324825,1.0256898663740799e-09
59,3,3,1685.7855828075708,1335.128253796648,289.6875,84.14973293629666,1.1833360957780314e-09
59,3,3,1598.846832517059,1288.3590720990555,284.0625,84.14973293629666,1.2071379451583653e-09
59,3,3,1586.2030434620306,1351.9924368163017,285.00000000000006,84.51566339961471,1.3976837465179415e-09
59,3,3,1519.6866106440038,1187.5455765701618,277.94117647058823,83.78374275324825,1.0605184508349907e-09
59,3,3,1507.592514717626,1250.141684257083,278.4375,84.14973293629666,1.2324453679823932e-09
59,3,3,1412.866663291917,1220.8704945805664,272.8125,84.14973293629666,1.2598719845158257e-09
59,3,3,1400.979524413745,1282.9236476952917,273.0,84.51566339961471,1.4739079956527235e-09
59,3,3,1495.4799958440528,1312.7027519411215,279.0,84.51566339961471,1.4346631660444586e-09
59,3,3,1483.3402709056227,1375.255540142606,279.6428571428571,84.88153790222776,1.6833119342862801e-09
59,3,3,1389.0927985895682,1344.8811316816407,273.2142857142857,84.88153790222776,1.741886745953991e-09
59,3,3,1377.2041004819087,1406.7553790885897,273.4615384615385,85.24736019800629,2.094775464200893e-09
59,3,3,1672.192317047932,1400.3350154445884,290.99999999999994,84.51566339961471,1.3617019734013525e-09
59,3,3,1658.3192232835167,1465.915074312586,292.5,84.88153790222776,1.572464491950143e-09
59,3,3,1573.44647200612,1415.779409340845,286.0714285714286,84.88153790222776,1.6275547576327654e-09
59,3,3,1560.5402778401267,1479.7861550302703,287.3076923076923,85.24736019800629,1.921568237861493e-09
59,3,3,1644.0802944872205,1531.9780720531971,294.2307692307692,85.24736019800629,1.8390557965375365e-09
59,3,3,1629.35629131215,1598.6627278447556,296.25,85.61313403601544,2.2033943558597002e-09
59,3,3,1547.4338518599511,1544.096303378989,288.75,85.61313403601544,2.320725389637346e-09
59,3,3,1534.0555802547335,1608.818247446872,290.45454545454544,85.97886316086331,2.8868867296694134e-09
59,3,3,1471.1620689190388,1437.8317293856956,280.3846153846154,85.24736019800629,2.005817512085173e-09
59,3,3,1458.9304526844373,1500.4699746313713,281.25,85.61313403601544,2.445020852448465e-09
59,3,3,1365.3107892439348,1468.5595506002744,273.74999999999994,85.61313403601544,2.579209734676624e-09
59,3,3,1353.4098437612936,1530.3079317556503,274.09090909090907,85.97886316086331,3.2594766885551962e-09
59,3,3,1446.6249173217257,1563.2190287274284,282.2727272727273,85.97886316086331,3.0622067104246753e-09
59,3,3,1434.2161989786368,1626.1426473852757,283.5,86.3445513130483,3.937012049703981e-09
59,3,3,1341.4976576427282,1592.0165565862505,274.5,86.3445513130483,4.2157743962434324e-09
59,3,3,1329.5696863579478,1653.7042337069886,275.0,86.71020222930508,5.536574754216872e-09
59,3,3,1951.826537881446,1672.0398229273214,315.0,84.51566339961471,1.2020032746917764e-09
59,3,3,1926.3263478913505,1748.118624908612,318.2142857142857,84.88153790222776,1.344381050927268e-09
59,3,3,1871.7401294635997,1667.000442282002,311.7857142857143,84.88153790222776,1.3978365132061299e-09
59,3,3,1848.5282851310308,1741.57666061353,315.0,85.24736019800629,1.6072694286606293e-09
59,3,3,1898.1447092049848,1825.7418660840995,321.9230769230769,85.24736019800629,1.5685654997099618e-09
59,3,3,1866.472928987946,1905.103962622925,326.24999999999994,85.61313403601544,1.989423736858953e-09
59,3,3,1822.8793177448238,1817.7427895633662,318.75,85.61313403601544,1.9556836150513845e-09
59,3,3,1793.983716259308,1895.7540508808286,323.1818181818182,85.97886316086331,2.584683134188026e-09
59,3,3,1789.078860193627,1663.834000518685,308.0769230769231,85.24736019800629,1.6766594779227262e-09
59,3,3,1768.2104370859404,1736.660973985136,311.25,85.61313403601544,2.004209243011701e-09
59,3,3,1703.351389272491,1663.219673533948,303.75,85.61313403601544,2.094595163981694e-09
59,3,3,1684.8244061234807,1734.0271757556682,306.8181818181818,85.97886316086331,2.610658578205971e-09
59,3,3,1745.21684837369,1811.0785815632867,315.0,85.97886316086331,2.545622601601849e-09
59,3,3,1719.3136372270333,1887.4073003560914,319.5,86.3445513130483,3.4622613664936353e-09
59,3,3,1664.5577128540708,1806.3557020743979,310.5,86.3445513130483,3.4287390704434983e-09
59,3,3,1641.8303012157094,1880.5871415419847,315.0,86.71020222930508,4.7155617188821e-09
59,3,3,1830.182415255162,1986.3655042192652,331.3636363636364,85.97886316086331,2.7898634513690013e-09
59,3,3,1760.6734901105021,1975.8576814057487,328.5,86.3445513130483,3.6990830398764274e-09
59,3,3,1689.3229907820737,1965.9979565510216,325.0,86.71020222930508,4.964980870880709e-09
59,3,3,1615.506136846922,1957.1865267301312,320.625,87.07581964294997,6.664487184337986e-09
59,3,3,1583.7139260108745,2036.6663838684863,327.85714285714283,87.44140728422514,9.452588933811512e-09
59,3,3,1613.9773283691416,1666.1477487690295,298.6363636363636,85.97886316086331,2.733094417450843e-09
59,3,3,1597.6937051351981,1734.667505307799,301.5,86.3445513130483,3.526765324224357e-09
59,3,3,1520.3006702404323,1674.0962875004336,292.5,86.3445513130483,3.704978102092582e-09
59,3,3,1506.0097284707354,1740.1280976746543,294.99999999999994,86.71020222930508,4.880013726449306e-09
59,3,3,1580.1249357909942,1804.5344700970445,305.0,86.71020222930508,4.713729406802258e-09
59,3,3,1560.6661907573143,1876.1703083805164,309.375,87.07581964294997,6.443791278343269e-09
59,3,3,1490.9290161811014,1807.1928315579319,298.125,87.07581964294997,6.526354123792544e-09
59,3,3,1474.631863775026,1875.6973409236086,302.14285714285717,87.44140728422514,8.74803252060019e-09
59,3,3,1421.6606657602465,1689.3275813832768,285.0,86.71020222930508,5.161871374781413e-09
59,3,3,1408.889901145978,1752.8971662037288,286.875,87.07581964294997,6.829162124688537e-09
59,3,3,1317.6198055017353,1715.3943237305139,275.625,87.07581964294997,7.3036785508406865e-09
59,3,3,1305.6390628717124,1777.1180098081347,276.42857142857144,87.44140728422514,9.570428893823646e-09
59,3,3,1395.7900215457698,1817.0356073471212,289.2857142857143,87.44140728422514,9.010918233798293e-09
59,3,3,1382.1570544908952,1882.0339802639505,292.5,87.80696888064219,1.1733869875740766e-08
59,3,3,1293.6130401608125,1838.9207747157823,277.5,87.80696888064219,1.2336340837748594e-08
59,3,3,1281.5156396108514,1900.876477354107,279.0,88.17250815732498,1.5524339147532373e-08
59,3,3,1538.3063752179028,1950.1439306994514,315.0,87.44140728422514,8.863134226544389e-09
59,3,3,1511.2496789576644,2027.195235388912,322.5,87.80696888064219,1.2073640753840209e-08
59,3,3,1456.3507465203872,1946.2524538884632,307.49999999999994,87.80696888064219,1.161173912578306e-08
59,3,3,1434.5821816679909,2019.7907521792597,315.0,88.17250815732498,1.5117221252580748e-08
59,3,3,1367.58989578673,1948.383408523131,297.0,88.17250815732498,1.4956157201595488e-08
59,3,3,1351.1948026474415,2016.9776603220091,303.75,88.5380288373519,1.8555553538135428e-08
59,3,3,1269.292158147845,1963.1219358197777,281.25,88.5380288373519,1.8968759007975677e-08
59,3,3,1256.8024382451833,2025.9577452759486,285.0,88.90353464209751,2.2422439016622775e-08
